{
  "project_info": {
    "project_number": "305159545485",
    "firebase_url": "https://kingbookdb-default-rtdb.asia-southeast1.firebasedatabase.app",
    "project_id": "kingbookdb",
    "storage_bucket": "kingbookdb.appspot.com"
  },
  "client": [
    {
      "client_info": {
        "mobilesdk_app_id": "1:305159545485:android:0cbf540ff53faf425bf8c4",
        "android_client_info": {
          "package_name": "com.example.baseapp"
        }
      },
      "oauth_client": [
        {
          "client_id": "305159545485-e9t8qrnq5qvc87cevhcb1lmhrcms7mkb.apps.googleusercontent.com",
          "client_type": 1,
          "android_info": {
            "package_name": "com.example.baseapp",
            "certificate_hash": "cd224a13a00d7b19dc1337ecdc1cfaba7de88a9f"
          }
        },
        {
          "client_id": "305159545485-f26ojj13q8p85lpeh99gvlt6bbm9n7o5.apps.googleusercontent.com",
          "client_type": 3
        }
      ],
      "api_key": [
        {
          "current_key": "AIzaSyDwm8_Joj_OQ2k4_zGXJCl7iSm9ZC8G9P4"
        }
      ],
      "services": {
        "appinvite_service": {
          "other_platform_oauth_client": [
            {
              "client_id": "305159545485-f26ojj13q8p85lpeh99gvlt6bbm9n7o5.apps.googleusercontent.com",
              "client_type": 3
            }
          ]
        }
      }
    },
    {
      "client_info": {
        "mobilesdk_app_id": "1:305159545485:android:1343e69415c2b68a5bf8c4",
        "android_client_info": {
          "package_name": "com.moapp.kingboolk"
        }
      },
      "oauth_client": [
        {
          "client_id": "305159545485-c6tcn43alhmkpljsh6gjcpsn8jqptelj.apps.googleusercontent.com",
          "client_type": 1,
          "android_info": {
            "package_name": "com.moapp.kingboolk",
            "certificate_hash": "164b65361c1b2b4f6c0af06c3bc1b2684c0c170d"
          }
        },
        {
          "client_id": "305159545485-f26ojj13q8p85lpeh99gvlt6bbm9n7o5.apps.googleusercontent.com",
          "client_type": 3
        }
      ],
      "api_key": [
        {
          "current_key": "AIzaSyDwm8_Joj_OQ2k4_zGXJCl7iSm9ZC8G9P4"
        }
      ],
      "services": {
        "appinvite_service": {
          "other_platform_oauth_client": [
            {
              "client_id": "305159545485-f26ojj13q8p85lpeh99gvlt6bbm9n7o5.apps.googleusercontent.com",
              "client_type": 3
            }
          ]
        }
      }
    }
  ],
  "configuration_version": "1"
}